recommender,from_district,to_district,transitions,avg_distance_km,avg_travel_time_hours
crowd_aware,Ciutat Vella,Ciutat Vella,10876,0.8351620962162679,0.11144391909388861
crowd_aware,Ciutat Vella,Eixample,4256,1.5872125936719699,0.21865932968701102
crowd_aware,Ciutat Vella,Gracia,1591,3.141802124238475,0.47330558566167263
crowd_aware,Ciutat Vella,Horta-Guinardo,726,3.838980355222115,0.6513460038771427
crowd_aware,Ciutat Vella,Les Corts,619,5.176427508231421,0.7653555845133233
crowd_aware,Ciutat Vella,Nou Barris,86,6.271773016929062,0.7918174705981482
crowd_aware,Ciutat Vella,Sant Andreu,172,5.757949688300805,1.0800658240423588
crowd_aware,Ciutat Vella,Sant Marti,5035,2.754240125886346,0.38132986350090986
crowd_aware,Ciutat Vella,Sants-Montjuic,2927,2.945508940329524,0.4167417165939431
crowd_aware,Ciutat Vella,Sarria-Sant Gervasi,369,6.227060801088747,0.7937307697924553
crowd_aware,Eixample,Ciutat Vella,4485,1.6326597308840414,0.22451878992313426
crowd_aware,Eixample,Eixample,2088,1.1551849767604374,0.16413614541501953
crowd_aware,Eixample,Gracia,594,2.0967755856020194,0.2965547254569219
crowd_aware,Eixample,Horta-Guinardo,321,2.1189140782647895,0.30935978806129877
crowd_aware,Eixample,Les Corts,232,4.004733274207095,0.5753494465419163
crowd_aware,Eixample,Nou Barris,4,4.57577816135697,0.5006844937515096
crowd_aware,Eixample,Sant Andreu,180,5.076833833789004,0.939452552398497
crowd_aware,Eixample,Sant Marti,867,2.749518488210241,0.38905216728707415
crowd_aware,Eixample,Sants-Montjuic,1038,2.915038616050312,0.41513719136286564
crowd_aware,Eixample,Sarria-Sant Gervasi,225,4.745157489692015,0.7585456701961335
crowd_aware,Gracia,Ciutat Vella,1558,3.181282659673345,0.4730784020158719
crowd_aware,Gracia,Eixample,490,2.0629249917617454,0.31447993071587693
crowd_aware,Gracia,Gracia,67,1.1885608323473282,0.15781076323308377
crowd_aware,Gracia,Horta-Guinardo,387,1.9972777226533927,0.2597391116785783
crowd_aware,Gracia,Les Corts,48,4.027488273088506,0.60687125971103
crowd_aware,Gracia,Nou Barris,262,2.8700371130368754,0.39131183862263635
crowd_aware,Gracia,Sant Andreu,77,4.272468356480899,0.7379096159730992
crowd_aware,Gracia,Sant Marti,303,3.6708684020458353,0.5328712338525216
crowd_aware,Gracia,Sants-Montjuic,310,4.349032636413892,0.6560327641296095
crowd_aware,Gracia,Sarria-Sant Gervasi,482,2.954795043722256,0.3992787744158764
crowd_aware,Horta-Guinardo,Ciutat Vella,673,3.9452746597756363,0.6512386612132086
crowd_aware,Horta-Guinardo,Eixample,237,2.251832880745694,0.34846156064384803
crowd_aware,Horta-Guinardo,Gracia,229,2.0140263305388615,0.30148944259302646
crowd_aware,Horta-Guinardo,Horta-Guinardo,61,2.471812651611127,0.3089232217315043
crowd_aware,Horta-Guinardo,Les Corts,11,5.421735340760528,0.9699221219254742
crowd_aware,Horta-Guinardo,Nou Barris,49,1.9384929478009285,0.23115243258417972
crowd_aware,Horta-Guinardo,Sant Andreu,92,3.244425059613393,0.5554134095863975
crowd_aware,Horta-Guinardo,Sant Marti,156,3.458512370041966,0.6105348018836123
crowd_aware,Horta-Guinardo,Sants-Montjuic,100,5.398955131902117,0.9002442166514636
crowd_aware,Horta-Guinardo,Sarria-Sant Gervasi,96,3.624486756041396,0.5422784714752162
crowd_aware,Les Corts,Ciutat Vella,412,4.933438039529087,0.8224779199118861
crowd_aware,Les Corts,Eixample,260,4.050659560266474,0.6208730639945156
crowd_aware,Les Corts,Gracia,44,3.82750128013804,0.5667720339127617
crowd_aware,Les Corts,Horta-Guinardo,17,5.268040876500828,0.8463375457907999
crowd_aware,Les Corts,Les Corts,6,1.8549794578344372,0.24168713835541278
crowd_aware,Les Corts,Nou Barris,17,7.347932054084442,1.095667040045828
crowd_aware,Les Corts,Sant Andreu,2,7.981892815684829,1.2620411074385207
crowd_aware,Les Corts,Sant Marti,30,6.9597169684813,0.9154963395498333
crowd_aware,Les Corts,Sants-Montjuic,196,2.572719448885914,0.4104987038677545
crowd_aware,Les Corts,Sarria-Sant Gervasi,294,3.84315933318369,0.5213348243018524
crowd_aware,Nou Barris,Ciutat Vella,37,5.818852399728157,1.088098206390561
crowd_aware,Nou Barris,Eixample,2,4.78806867069097,0.7141776107542328
crowd_aware,Nou Barris,Gracia,112,2.8954330847870438,0.36941051127606356
crowd_aware,Nou Barris,Horta-Guinardo,147,1.9331065753171672,0.21152816290175033
crowd_aware,Nou Barris,Les Corts,7,7.177130179914201,0.7393807321900777
crowd_aware,Nou Barris,Nou Barris,684,1.134499888839126,0.14710429149003565
crowd_aware,Nou Barris,Sant Andreu,30,2.0064629777094143,0.2717383305608383
crowd_aware,Nou Barris,Sant Marti,240,5.101759754549465,0.7687973617045906
crowd_aware,Nou Barris,Sants-Montjuic,1,7.891749469658566,0.43843052609214256
crowd_aware,Nou Barris,Sarria-Sant Gervasi,418,4.9471072679153645,0.634032654829388
crowd_aware,Sant Andreu,Ciutat Vella,279,5.850367127354691,1.1286836827977793
crowd_aware,Sant Andreu,Eixample,149,5.243389681372199,0.9309114532084461
crowd_aware,Sant Andreu,Gracia,46,4.307806493460225,0.7156647162673653
crowd_aware,Sant Andreu,Horta-Guinardo,62,3.259520667588624,0.5487022616931523
crowd_aware,Sant Andreu,Les Corts,4,7.977815980403436,1.5845994827829004
crowd_aware,Sant Andreu,Nou Barris,13,1.9977026252121795,0.3764605568006879
crowd_aware,Sant Andreu,Sant Andreu,18,0.12677836823718092,0.02582522315942574
crowd_aware,Sant Andreu,Sant Marti,286,3.435126020097928,0.6368264832692153
crowd_aware,Sant Andreu,Sants-Montjuic,45,8.066750188314067,1.3807138992071586
crowd_aware,Sant Andreu,Sarria-Sant Gervasi,30,5.562107868579566,1.0859602077382617
crowd_aware,Sant Marti,Ciutat Vella,3212,2.7683375749586903,0.41309596637362306
crowd_aware,Sant Marti,Eixample,600,2.6665854208651893,0.41288365283220185
crowd_aware,Sant Marti,Gracia,249,3.9033962974858287,0.5660526500807177
crowd_aware,Sant Marti,Horta-Guinardo,188,3.057281408844044,0.455734717926868
crowd_aware,Sant Marti,Les Corts,38,6.825083965729544,0.964860314798405
crowd_aware,Sant Marti,Nou Barris,688,5.366848910219423,0.752178241700058
crowd_aware,Sant Marti,Sant Andreu,632,3.5369811389283776,0.5308667326187093
crowd_aware,Sant Marti,Sant Marti,3787,2.1642962926473626,0.28740944715705363
crowd_aware,Sant Marti,Sants-Montjuic,473,5.553951307145412,0.8396792600183768
crowd_aware,Sant Marti,Sarria-Sant Gervasi,215,7.4202610409469685,0.8612058542063958
crowd_aware,Sants-Montjuic,Ciutat Vella,3215,2.9151398929552417,0.4473117345429747
crowd_aware,Sants-Montjuic,Eixample,1127,2.77601523453179,0.40922574816556817
crowd_aware,Sants-Montjuic,Gracia,296,4.284515034682653,0.6912597950150683
crowd_aware,Sants-Montjuic,Horta-Guinardo,69,5.49832413989442,0.8771692690015893
crowd_aware,Sants-Montjuic,Les Corts,154,2.3127749747988062,0.3057519679217431
crowd_aware,Sants-Montjuic,Nou Barris,39,8.4336654017232,1.0423187272051855
crowd_aware,Sants-Montjuic,Sant Andreu,12,8.16700699301302,1.182012492070283
crowd_aware,Sants-Montjuic,Sant Marti,555,5.145097992513491,0.7518865538784651
crowd_aware,Sants-Montjuic,Sants-Montjuic,977,1.2562371978372353,0.1735326177382438
crowd_aware,Sants-Montjuic,Sarria-Sant Gervasi,143,6.256839263721482,0.9701016909398094
crowd_aware,Sarria-Sant Gervasi,Ciutat Vella,291,6.089218064523597,0.9810051076240377
crowd_aware,Sarria-Sant Gervasi,Eixample,186,4.681197011849705,0.7798150634206786
crowd_aware,Sarria-Sant Gervasi,Gracia,431,2.8653946917912454,0.4163851818722997
crowd_aware,Sarria-Sant Gervasi,Horta-Guinardo,288,3.518609194328278,0.5331047105025369
crowd_aware,Sarria-Sant Gervasi,Les Corts,216,3.995981375232304,0.6427948223968419
crowd_aware,Sarria-Sant Gervasi,Nou Barris,615,5.091910463564627,0.7281656315711588
crowd_aware,Sarria-Sant Gervasi,Sant Andreu,63,5.7221037126127205,0.9801019555769148
crowd_aware,Sarria-Sant Gervasi,Sant Marti,134,7.049299687589042,1.0194418408634514
crowd_aware,Sarria-Sant Gervasi,Sants-Montjuic,90,5.668244524868607,0.8412641106754931
crowd_aware,Sarria-Sant Gervasi,Sarria-Sant Gervasi,1077,2.1310913160351226,0.290868874976666
crowd_aware,Start,Ciutat Vella,15106,1.15391486183031,0.15774596213294775
crowd_aware,Start,Eixample,5592,1.0126947149530132,0.14555824847402432
crowd_aware,Start,Gracia,2388,2.6093340995480188,0.379731273915724
crowd_aware,Start,Horta-Guinardo,813,3.5241883288976026,0.6313976370807776
crowd_aware,Start,Les Corts,786,4.224228752808409,0.7054136538032809
crowd_aware,Start,Nou Barris,722,5.685948644367519,0.7896358943764213
crowd_aware,Start,Sant Andreu,448,5.559299991977526,1.1754592544533062
crowd_aware,Start,Sant Marti,5052,3.429750734158759,0.5316743584094884
crowd_aware,Start,Sants-Montjuic,3860,2.688931421837957,0.4217870100409027
crowd_aware,Start,Sarria-Sant Gervasi,2457,5.449009277741333,0.9383546228734327
personalized,Ciutat Vella,Ciutat Vella,13034,0.7728577118631819,0.10399591926232381
personalized,Ciutat Vella,Eixample,4965,1.5338515593079063,0.21121689062682447
personalized,Ciutat Vella,Gracia,1953,3.052810975760693,0.4659813614531527
personalized,Ciutat Vella,Horta-Guinardo,654,3.6646471948096697,0.6010550626423228
personalized,Ciutat Vella,Les Corts,522,5.417266708251355,0.7985984120996231
personalized,Ciutat Vella,Nou Barris,127,6.195490505573907,0.7450325896370158
personalized,Ciutat Vella,Sant Andreu,132,5.690032702810166,1.0543053048068167
personalized,Ciutat Vella,Sant Marti,5983,2.7767858453484338,0.38855850386835283
personalized,Ciutat Vella,Sants-Montjuic,3255,2.9121746813848564,0.41552737953446944
personalized,Ciutat Vella,Sarria-Sant Gervasi,327,6.050462851538262,0.7746970645341225
personalized,Eixample,Ciutat Vella,4819,1.6109105073979233,0.22407428238963828
personalized,Eixample,Eixample,2130,1.1692458536355272,0.1626880019750353
personalized,Eixample,Gracia,580,2.0881862953716013,0.28049542276417083
personalized,Eixample,Horta-Guinardo,307,1.9470402482261002,0.28149163863169396
personalized,Eixample,Les Corts,164,4.2060413574071465,0.6038386244417713
personalized,Eixample,Nou Barris,6,5.266094935023582,0.5604985038896169
personalized,Eixample,Sant Andreu,118,5.461800453903581,0.9572355711141796
personalized,Eixample,Sant Marti,1098,2.708763070055555,0.3928348098266726
personalized,Eixample,Sants-Montjuic,1087,2.8813732924951463,0.425402994181897
personalized,Eixample,Sarria-Sant Gervasi,203,4.629690408204764,0.7219908079731042
personalized,Gracia,Ciutat Vella,1747,3.072388794411252,0.4722806238118816
personalized,Gracia,Eixample,465,2.0427909031554212,0.29198708179340016
personalized,Gracia,Gracia,48,1.2157191675234225,0.16047453887179974
personalized,Gracia,Horta-Guinardo,336,1.9615180995121992,0.26526237838346284
personalized,Gracia,Les Corts,20,3.923650548439234,0.5202014275273988
personalized,Gracia,Nou Barris,347,2.814333875321825,0.4007602810224835
personalized,Gracia,Sant Andreu,53,4.253034949542197,0.7525009265578534
personalized,Gracia,Sant Marti,315,3.5553494661091696,0.5608599342684798
personalized,Gracia,Sants-Montjuic,303,4.198872383508438,0.6214281567158926
personalized,Gracia,Sarria-Sant Gervasi,488,2.9189937850645338,0.39469824580203056
personalized,Horta-Guinardo,Ciutat Vella,563,3.7010821713093187,0.6074483640123225
personalized,Horta-Guinardo,Eixample,200,2.0895352269968344,0.3090602542428836
personalized,Horta-Guinardo,Gracia,191,1.8884216694570026,0.2974718158276086
personalized,Horta-Guinardo,Horta-Guinardo,45,2.5050947643508006,0.30157909064039845
personalized,Horta-Guinardo,Les Corts,10,5.318974300521743,0.8629313425755496
personalized,Horta-Guinardo,Nou Barris,27,1.9466904829669767,0.2666453271986078
personalized,Horta-Guinardo,Sant Andreu,48,3.0777306451803206,0.45854552415080024
personalized,Horta-Guinardo,Sant Marti,86,2.8638816738650528,0.44164101517564175
personalized,Horta-Guinardo,Sants-Montjuic,67,5.21548153523944,0.8712378831312831
personalized,Horta-Guinardo,Sarria-Sant Gervasi,50,3.5180401226565596,0.45463625050209555
personalized,Les Corts,Ciutat Vella,314,5.142232436108629,0.8915779847059007
personalized,Les Corts,Eixample,173,4.259108634058467,0.6776986196159345
personalized,Les Corts,Gracia,29,3.7526495846699173,0.5070681669556834
personalized,Les Corts,Horta-Guinardo,12,5.313885028922277,0.9921685350082612
personalized,Les Corts,Les Corts,5,1.8549794578344372,0.32682971399940086
personalized,Les Corts,Nou Barris,6,7.788421097997166,1.014761214487726
personalized,Les Corts,Sant Andreu,1,7.809028119688675,1.8592924094496843
personalized,Les Corts,Sant Marti,23,6.786353020939506,0.9207149262234438
personalized,Les Corts,Sants-Montjuic,126,3.128539606733073,0.44633332585731933
personalized,Les Corts,Sarria-Sant Gervasi,207,3.635651932259855,0.5016040965955095
personalized,Nou Barris,Ciutat Vella,24,6.171575002775494,1.223437923332191
personalized,Nou Barris,Eixample,1,5.503146786225209,0.4585955655187674
personalized,Nou Barris,Gracia,137,2.9340013767923447,0.37919492754621287
personalized,Nou Barris,Horta-Guinardo,101,1.9274919230274,0.24137017705759917
personalized,Nou Barris,Les Corts,2,7.253541544674572,1.1243582590060697
personalized,Nou Barris,Nou Barris,734,1.134499888839126,0.15488909266929657
personalized,Nou Barris,Sant Andreu,21,1.9964027426887492,0.24377253044353753
personalized,Nou Barris,Sant Marti,148,5.2101737550845515,0.877811287808606
personalized,Nou Barris,Sants-Montjuic,2,6.969438667093632,0.486720313371029
personalized,Nou Barris,Sarria-Sant Gervasi,341,4.943561084740421,0.6882656967893281
personalized,Sant Andreu,Ciutat Vella,192,5.8615785790859904,1.0711560873105397
personalized,Sant Andreu,Eixample,129,5.294098565679915,0.8995606214085319
personalized,Sant Andreu,Gracia,37,4.294881381025353,0.7079529751171634
personalized,Sant Andreu,Horta-Guinardo,38,3.113519950470292,0.5155869390734595
personalized,Sant Andreu,Nou Barris,7,2.005396143213264,0.28390756885997753
personalized,Sant Andreu,Sant Andreu,11,0.12677836823718092,0.01769957738376227
personalized,Sant Andreu,Sant Marti,167,3.3871111206506996,0.658601257206502
personalized,Sant Andreu,Sants-Montjuic,34,8.095782811046139,1.3652846466651432
personalized,Sant Andreu,Sarria-Sant Gervasi,22,5.654792263816018,0.9618611121662746
personalized,Sant Marti,Ciutat Vella,3589,2.724259403620993,0.40298611934883155
personalized,Sant Marti,Eixample,687,2.69958877551346,0.4143479943293661
personalized,Sant Marti,Gracia,323,3.8718992879786387,0.5998759537574474
personalized,Sant Marti,Horta-Guinardo,161,2.9804788020096336,0.3928819231530705
personalized,Sant Marti,Les Corts,23,6.975308944680058,1.1812074841078182
personalized,Sant Marti,Nou Barris,792,5.413457069028337,0.7995401925620486
personalized,Sant Marti,Sant Andreu,574,3.5489529063631164,0.5447824799280977
personalized,Sant Marti,Sant Marti,3973,2.140700581188108,0.29199157584478597
personalized,Sant Marti,Sants-Montjuic,485,5.658179273924462,0.8639073637578455
personalized,Sant Marti,Sarria-Sant Gervasi,172,7.124036569457488,0.8702303817012961
personalized,Sants-Montjuic,Ciutat Vella,3394,2.877454620324102,0.43666602682546307
personalized,Sants-Montjuic,Eixample,1127,2.768595210089778,0.39789346113074386
personalized,Sants-Montjuic,Gracia,271,4.1665782718486515,0.6723563772752718
personalized,Sants-Montjuic,Horta-Guinardo,52,5.581185772215775,1.0045206868505736
personalized,Sants-Montjuic,Les Corts,96,2.2640160807444905,0.34845642133323795
personalized,Sants-Montjuic,Nou Barris,42,8.237172673488693,0.9751197777713388
personalized,Sants-Montjuic,Sant Andreu,9,8.173621881777262,1.1050802813051321
personalized,Sants-Montjuic,Sant Marti,594,5.175847329772518,0.789297821868709
personalized,Sants-Montjuic,Sants-Montjuic,944,1.1667092769725298,0.15413401097850404
personalized,Sants-Montjuic,Sarria-Sant Gervasi,109,6.370691479724414,0.902092422178151
personalized,Sarria-Sant Gervasi,Ciutat Vella,242,5.929465238936842,1.022771153213927
personalized,Sarria-Sant Gervasi,Eixample,122,4.579384532545754,0.7622929536837632
personalized,Sarria-Sant Gervasi,Gracia,388,2.511331979416137,0.3398651701328622
personalized,Sarria-Sant Gervasi,Horta-Guinardo,181,3.5685427977314017,0.5532019813765967
personalized,Sarria-Sant Gervasi,Les Corts,137,3.7021674267191615,0.5729484205377597
personalized,Sarria-Sant Gervasi,Nou Barris,485,4.874964706797138,0.7192019639801956
personalized,Sarria-Sant Gervasi,Sant Andreu,32,5.555125934859732,1.0523009037661328
personalized,Sarria-Sant Gervasi,Sant Marti,82,6.473776731477422,1.0021024181073475
personalized,Sarria-Sant Gervasi,Sants-Montjuic,59,5.621865561211303,0.8560258033191042
personalized,Sarria-Sant Gervasi,Sarria-Sant Gervasi,918,2.2814662149951315,0.3195712291255993
personalized,Start,Ciutat Vella,17792,1.1004754526896217,0.15191093140755596
personalized,Start,Eixample,5751,0.9770245666460432,0.1400825320453897
personalized,Start,Gracia,2414,2.5822571063371944,0.37879816480368494
personalized,Start,Horta-Guinardo,534,3.096032906944325,0.5419148956278113
personalized,Start,Les Corts,484,4.4140077129329836,0.7601971506554162
personalized,Start,Nou Barris,570,5.702715206554057,0.8043911690090356
personalized,Start,Sant Andreu,198,5.573557373298691,1.2110518468367086
personalized,Start,Sant Marti,5168,3.35709589256463,0.5243995038730368
personalized,Start,Sants-Montjuic,3725,2.6679891844245316,0.41178664770338824
personalized,Start,Sarria-Sant Gervasi,1716,4.8859745321618755,0.8533637861059699
popularity,Ciutat Vella,Ciutat Vella,20750,0.6500898930993645,0.0921948421308564
popularity,Ciutat Vella,Eixample,6970,1.8809437617789735,0.2640752496504423
popularity,Ciutat Vella,Gracia,3036,3.7586499261854307,0.5336751056201068
popularity,Ciutat Vella,Horta-Guinardo,115,4.033362607455652,0.5650146142254183
popularity,Ciutat Vella,Les Corts,339,5.663663586776262,0.760990287102473
popularity,Ciutat Vella,Nou Barris,597,6.459477335505058,0.8260181673076662
popularity,Ciutat Vella,Sant Andreu,6,5.80381876761212,0.8948370988062523
popularity,Ciutat Vella,Sant Marti,2431,2.8795729378753303,0.4071604459917783
popularity,Ciutat Vella,Sants-Montjuic,1290,2.9281178644792223,0.39470709422979705
popularity,Ciutat Vella,Sarria-Sant Gervasi,366,5.833320189676658,0.7366753757003223
popularity,Eixample,Ciutat Vella,6907,1.8992975699418861,0.26729589226270783
popularity,Eixample,Eixample,4602,1.179748256496696,0.1688838993092763
popularity,Eixample,Gracia,1773,2.2189856796241014,0.3202013018748035
popularity,Eixample,Horta-Guinardo,36,2.3723174542069687,0.3390439653276612
popularity,Eixample,Les Corts,377,4.073398271423424,0.606060037324751
popularity,Eixample,Nou Barris,276,4.678407119605459,0.6706717758134056
popularity,Eixample,Sant Andreu,9,6.5318412259686465,1.0933290594908374
popularity,Eixample,Sant Marti,787,2.7796556254265927,0.37830731173108423
popularity,Eixample,Sants-Montjuic,767,3.3337224286187905,0.4606071898078394
popularity,Eixample,Sarria-Sant Gervasi,247,4.469085661545308,0.5902609951073796
popularity,Gracia,Ciutat Vella,4908,3.8241148640403697,0.5794824965246544
popularity,Gracia,Eixample,1878,2.205401618745131,0.31417271548785813
popularity,Gracia,Gracia,259,1.32456547748838,0.2057041814761667
popularity,Gracia,Horta-Guinardo,48,1.5417470652718588,0.2530665552041948
popularity,Gracia,Les Corts,35,4.158113663048456,0.7993355738242273
popularity,Gracia,Nou Barris,179,3.032093958072949,0.47422470339085865
popularity,Gracia,Sant Andreu,1,3.7917459439743246,0.9027966533272201
popularity,Gracia,Sant Marti,278,4.006548880840535,0.5826876515973263
popularity,Gracia,Sants-Montjuic,387,4.694170244688028,0.6882776666800061
popularity,Gracia,Sarria-Sant Gervasi,115,2.2743493915151323,0.29761417561888176
popularity,Horta-Guinardo,Ciutat Vella,63,3.7677429170648167,0.5761286593661608
popularity,Horta-Guinardo,Eixample,30,2.5040004451897557,0.32306340970463576
popularity,Horta-Guinardo,Gracia,15,1.3979676262473788,0.2092200784537946
popularity,Horta-Guinardo,Horta-Guinardo,1,1.2621236033946779,0.30050561985587565
popularity,Horta-Guinardo,Les Corts,2,4.8161931413022065,0.33445785703487546
popularity,Horta-Guinardo,Nou Barris,2,2.294026498700935,0.5461967854049845
popularity,Horta-Guinardo,Sant Marti,5,3.1846299971851026,0.5096105978342351
popularity,Horta-Guinardo,Sants-Montjuic,4,5.033375307838197,0.970212310292806
popularity,Les Corts,Ciutat Vella,263,5.3518184842875565,0.8654929412021164
popularity,Les Corts,Eixample,256,4.3366910518575965,0.6593428224079118
popularity,Les Corts,Gracia,52,3.9193223079643817,0.6003483220215035
popularity,Les Corts,Horta-Guinardo,4,5.416579277979027,0.6568759804233086
popularity,Les Corts,Les Corts,10,1.8549794578344372,0.22524750559418166
popularity,Les Corts,Nou Barris,6,7.610127913556301,1.0083679613708403
popularity,Les Corts,Sant Marti,20,6.756406852047212,0.925635622180707
popularity,Les Corts,Sants-Montjuic,19,3.0168036986323608,0.4955044857460386
popularity,Les Corts,Sarria-Sant Gervasi,9,3.646423125955527,0.4763467549086464
popularity,Nou Barris,Ciutat Vella,407,6.366397276193059,0.8005249035192151
popularity,Nou Barris,Eixample,327,4.896037642643401,0.5945700203354154
popularity,Nou Barris,Gracia,213,3.1047292763844423,0.3819072448619893
popularity,Nou Barris,Horta-Guinardo,4,1.8598161518793477,0.2859836344655743
popularity,Nou Barris,Les Corts,3,7.788421097997166,1.0508187195710461
popularity,Nou Barris,Nou Barris,419,1.134499888839126,0.15816038151789916
popularity,Nou Barris,Sant Marti,22,5.213575932004044,1.0073540928788804
popularity,Nou Barris,Sarria-Sant Gervasi,224,4.9767017697907,0.6516883019512029
popularity,Sant Andreu,Ciutat Vella,13,5.584197285245818,0.7730695830078915
popularity,Sant Andreu,Eixample,6,4.8252628195092155,0.7332921810323686
popularity,Sant Andreu,Gracia,2,4.251712676885913,0.6477183020718393
popularity,Sant Marti,Ciutat Vella,1779,2.766651513948592,0.3990181554456974
popularity,Sant Marti,Eixample,685,2.8484657908644047,0.40437337763730324
popularity,Sant Marti,Gracia,232,4.177362351833194,0.6060468142306393
popularity,Sant Marti,Horta-Guinardo,15,2.8929081403439816,0.3122220587738108
popularity,Sant Marti,Les Corts,10,6.700638431123069,0.7241868000339475
popularity,Sant Marti,Nou Barris,67,5.819283791247651,0.724214703577139
popularity,Sant Marti,Sant Andreu,3,3.557140002802773,0.29642833356689774
popularity,Sant Marti,Sant Marti,414,2.6542838597172977,0.3815191605191578
popularity,Sant Marti,Sants-Montjuic,216,5.655137630879515,0.7785351165185311
popularity,Sant Marti,Sarria-Sant Gervasi,23,6.6945893254520925,0.8779856795101928
popularity,Sants-Montjuic,Ciutat Vella,1539,2.874459507942821,0.4024470989770952
popularity,Sants-Montjuic,Eixample,614,3.3534591259015567,0.4618539307830128
popularity,Sants-Montjuic,Gracia,287,4.634717792618839,0.7077807922105915
popularity,Sants-Montjuic,Horta-Guinardo,24,5.856318688945493,0.7143063508049173
popularity,Sants-Montjuic,Les Corts,28,2.6322409594593674,0.3349261083688174
popularity,Sants-Montjuic,Nou Barris,2,8.185078574456195,0.682089881204683
popularity,Sants-Montjuic,Sant Marti,390,5.156871513637155,0.7175820397249553
popularity,Sants-Montjuic,Sants-Montjuic,45,0.9177630558969128,0.11988310587376999
popularity,Sants-Montjuic,Sarria-Sant Gervasi,6,5.417817992201235,0.5671892182878734
popularity,Sarria-Sant Gervasi,Ciutat Vella,259,5.594921230219641,0.7863946031946507
popularity,Sarria-Sant Gervasi,Eixample,261,4.23726408131789,0.549559784489979
popularity,Sarria-Sant Gervasi,Gracia,134,2.1670104272175945,0.284079280320671
popularity,Sarria-Sant Gervasi,Horta-Guinardo,3,3.402836130569908,0.44397915062699683
popularity,Sarria-Sant Gervasi,Les Corts,17,3.631525801362437,0.6091411674183731
popularity,Sarria-Sant Gervasi,Nou Barris,224,4.388171467747567,0.5563230895598555
popularity,Sarria-Sant Gervasi,Sant Andreu,3,5.396255710298493,1.0064445173969412
popularity,Sarria-Sant Gervasi,Sant Marti,25,5.83991701306759,0.8730592270823879
popularity,Sarria-Sant Gervasi,Sants-Montjuic,11,5.699749282210311,0.7662209778990667
popularity,Sarria-Sant Gervasi,Sarria-Sant Gervasi,42,1.3533902802866207,0.17222034685237195
popularity,Start,Ciutat Vella,19610,0.9831081977890965,0.14166941067137906
popularity,Start,Eixample,8647,1.1997073593963357,0.17779456488461354
popularity,Start,Gracia,5779,3.1139342671490327,0.49068578182283606
popularity,Start,Horta-Guinardo,53,3.265261568021878,0.5590773145272186
popularity,Start,Les Corts,334,4.482750589700031,0.79653162617403
popularity,Start,Nou Barris,1020,5.921185676823978,0.8088652466790127
popularity,Start,Sant Andreu,17,5.472617737427789,0.8277909182663882
popularity,Start,Sant Marti,1518,2.979948962481796,0.44524691719377857
popularity,Start,Sants-Montjuic,1729,2.72526659576627,0.3972422831040484
popularity,Start,Sarria-Sant Gervasi,700,4.736477011275846,0.7487068641128627
random,Ciutat Vella,Ciutat Vella,7999,0.811139979947238,0.11710612276100023
random,Ciutat Vella,Eixample,2127,1.767414478608861,0.24990235703358826
random,Ciutat Vella,Gracia,1479,3.2732062683965273,0.46164992564682555
random,Ciutat Vella,Horta-Guinardo,1034,4.850789556990702,0.6438813844229215
random,Ciutat Vella,Les Corts,580,5.414857973809892,0.7406591463369591
random,Ciutat Vella,Nou Barris,966,6.1614756592219155,0.8448551190420388
random,Ciutat Vella,Sant Andreu,808,5.876815717927773,0.8039660320330237
random,Ciutat Vella,Sant Marti,4844,3.1606931299216914,0.44321707897073753
random,Ciutat Vella,Sants-Montjuic,2762,3.011031690665889,0.42746213129438265
random,Ciutat Vella,Sarria-Sant Gervasi,1334,6.602506867021636,0.8625510849257335
random,Eixample,Ciutat Vella,2322,1.7662416629015456,0.25335317255254153
random,Eixample,Eixample,438,1.2649852940294373,0.1856710004121889
random,Eixample,Gracia,293,2.1309111599658266,0.27739329628801035
random,Eixample,Horta-Guinardo,293,3.69218214569201,0.5266609242439472
random,Eixample,Les Corts,146,4.347273071632276,0.5773047923431983
random,Eixample,Nou Barris,237,5.200972033304768,0.7540814489426981
random,Eixample,Sant Andreu,216,5.514285144814249,0.7014024087672723
random,Eixample,Sant Marti,1095,3.4247594510581365,0.4784401667928248
random,Eixample,Sants-Montjuic,762,2.8517529436459412,0.38682636578436
random,Eixample,Sarria-Sant Gervasi,402,5.250400989108724,0.6780583688801084
random,Gracia,Ciutat Vella,1644,3.2497390697226685,0.44717913478470983
random,Gracia,Eixample,361,2.0093988722978406,0.26696850156558977
random,Gracia,Gracia,134,1.114282565691661,0.16764303708633566
random,Gracia,Horta-Guinardo,225,2.2553905544264117,0.3273379540897782
random,Gracia,Les Corts,90,3.8838811325715867,0.5666203059870707
random,Gracia,Nou Barris,205,3.4997835435618354,0.529051840621787
random,Gracia,Sant Andreu,141,4.25010917980107,0.49999517551556394
random,Gracia,Sant Marti,700,3.8767053110558085,0.5253969367495831
random,Gracia,Sants-Montjuic,511,4.256200226938823,0.6025953998585843
random,Gracia,Sarria-Sant Gervasi,293,3.4748811243750786,0.47077422816948533
random,Horta-Guinardo,Ciutat Vella,1026,4.9412318058102365,0.6723797147915113
random,Horta-Guinardo,Eixample,279,3.606989626796601,0.5151143033983936
random,Horta-Guinardo,Gracia,203,2.3956131228664463,0.3589802831086644
random,Horta-Guinardo,Horta-Guinardo,105,2.455138333774971,0.34785031508874603
random,Horta-Guinardo,Les Corts,70,5.403746739258534,0.7638966744052472
random,Horta-Guinardo,Nou Barris,177,2.1958344675393677,0.3276635541296126
random,Horta-Guinardo,Sant Andreu,130,3.215911693372258,0.47422645007793096
random,Horta-Guinardo,Sant Marti,593,4.31959831016158,0.6132173037308724
random,Horta-Guinardo,Sants-Montjuic,355,6.279203597535969,0.8366555985971484
random,Horta-Guinardo,Sarria-Sant Gervasi,245,3.8636515584132045,0.5394714289063754
random,Les Corts,Ciutat Vella,585,5.434680685174613,0.8201546171888386
random,Les Corts,Eixample,153,4.473562548048266,0.7088911233751293
random,Les Corts,Gracia,86,3.810520764722508,0.5131275386917342
random,Les Corts,Horta-Guinardo,67,5.346234001205876,0.8434206778728722
random,Les Corts,Les Corts,16,1.8549794578344372,0.26407693670559695
random,Les Corts,Nou Barris,74,6.778043307139867,0.943477392274835
random,Les Corts,Sant Andreu,41,7.856922712691953,1.223340503059738
random,Les Corts,Sant Marti,244,7.431656973333593,0.9897579387989138
random,Les Corts,Sants-Montjuic,179,3.51563659555098,0.5248899285473165
random,Les Corts,Sarria-Sant Gervasi,109,3.3600110090478164,0.4914193241703488
random,Nou Barris,Ciutat Vella,1030,6.163117793856219,0.8050218684805498
random,Nou Barris,Eixample,271,5.165607479477698,0.6896708216451554
random,Nou Barris,Gracia,200,3.5915899276710377,0.5279777979397169
random,Nou Barris,Horta-Guinardo,205,2.226884925146343,0.3448616190197301
random,Nou Barris,Les Corts,59,6.763295665078649,0.8325661542798758
random,Nou Barris,Nou Barris,332,1.134499888839126,0.1684718232326604
random,Nou Barris,Sant Andreu,135,2.008656208258608,0.31681503541000694
random,Nou Barris,Sant Marti,705,4.912759004364097,0.6826349555574254
random,Nou Barris,Sants-Montjuic,336,7.753454282317501,0.9693069730817307
random,Nou Barris,Sarria-Sant Gervasi,396,4.845151127461651,0.6188345764028532
random,Sant Andreu,Ciutat Vella,858,5.8748672391208725,0.7875967646089019
random,Sant Andreu,Eixample,198,5.30029747382546,0.7280046929139637
random,Sant Andreu,Gracia,130,4.316091984206366,0.5897808347693076
random,Sant Andreu,Horta-Guinardo,128,3.1637873739505427,0.45561374825684575
random,Sant Andreu,Les Corts,47,7.913792367525003,1.1035815073223292
random,Sant Andreu,Nou Barris,143,2.013394187123918,0.3081271202779619
random,Sant Andreu,Sant Andreu,36,0.12677836823718092,0.020626639276684195
random,Sant Andreu,Sant Marti,505,3.7524273102347614,0.549460926042895
random,Sant Andreu,Sants-Montjuic,240,8.082676783309262,1.0240045355439058
random,Sant Andreu,Sarria-Sant Gervasi,160,6.251493194795087,0.8329933864802218
random,Sant Marti,Ciutat Vella,4540,3.179221601973878,0.44209841398202404
random,Sant Marti,Eixample,1166,3.531935377366416,0.4836179897307331
random,Sant Marti,Gracia,719,3.952727037770971,0.5380800344238056
random,Sant Marti,Horta-Guinardo,570,4.262912600075406,0.5870638337269026
random,Sant Marti,Les Corts,274,7.426218244735184,0.9905710812590964
random,Sant Marti,Nou Barris,661,5.042729834801031,0.7113201286261802
random,Sant Marti,Sant Andreu,477,3.796215314127578,0.5289496133499428
random,Sant Marti,Sant Marti,2461,1.9697240324336887,0.2857116936293181
random,Sant Marti,Sants-Montjuic,1416,5.906908888708476,0.7773564027754444
random,Sant Marti,Sarria-Sant Gervasi,815,7.283019057084268,0.9125113798548805
random,Sants-Montjuic,Ciutat Vella,2996,3.0098532095860584,0.42923316877754897
random,Sants-Montjuic,Eixample,710,2.815297271041126,0.39704748746810486
random,Sants-Montjuic,Gracia,500,4.282587153173832,0.5929155669043243
random,Sants-Montjuic,Horta-Guinardo,353,6.024683113934884,0.8300775284222226
random,Sants-Montjuic,Les Corts,161,3.425044459989968,0.5070267305075195
random,Sants-Montjuic,Nou Barris,332,7.740597323844658,1.0288357218135116
random,Sants-Montjuic,Sant Andreu,224,8.098672049157361,1.0504819553970866
random,Sants-Montjuic,Sant Marti,1407,5.877586339988809,0.801443153210454
random,Sants-Montjuic,Sants-Montjuic,767,1.3680643786852997,0.19802106728952049
random,Sants-Montjuic,Sarria-Sant Gervasi,461,6.308510116579232,0.8111510029918451
random,Sarria-Sant Gervasi,Ciutat Vella,1284,6.583053350323017,0.8592725483731156
random,Sarria-Sant Gervasi,Eixample,311,5.26134291184636,0.6314106602591917
random,Sarria-Sant Gervasi,Gracia,272,3.5512476897874663,0.5045109197954525
random,Sarria-Sant Gervasi,Horta-Guinardo,241,3.8269633245972883,0.5628425035351567
random,Sarria-Sant Gervasi,Les Corts,134,3.312863600740831,0.47365308750213064
random,Sarria-Sant Gervasi,Nou Barris,491,4.7037874733605065,0.660523303832465
random,Sarria-Sant Gervasi,Sant Andreu,160,6.3007088269772655,0.7885978330796336
random,Sarria-Sant Gervasi,Sant Marti,674,7.297409814516918,0.8856487611064807
random,Sarria-Sant Gervasi,Sants-Montjuic,454,6.189066990922938,0.8171673086162677
random,Sarria-Sant Gervasi,Sarria-Sant Gervasi,302,1.828933317706403,0.2513820414308079
random,Start,Ciutat Vella,12726,1.0821517081725054,0.15633676861932042
random,Start,Eixample,3362,0.994819543466173,0.14364408885431956
random,Start,Gracia,2472,2.3834261142401147,0.3378574678858782
random,Start,Horta-Guinardo,1789,4.388618704733564,0.6433505010419693
random,Start,Les Corts,925,4.569329731786919,0.7401746883916329
random,Start,Nou Barris,2252,5.614198373956933,0.7900392329018632
random,Start,Sant Andreu,1452,5.547973996082849,0.8178704650176372
random,Start,Sant Marti,7299,3.4347321895078484,0.4926427454378521
random,Start,Sants-Montjuic,4348,2.7755840606317284,0.40846733314091155
random,Start,Sarria-Sant Gervasi,2803,5.695305050765598,0.8594472060002717
sustainable,Ciutat Vella,Ciutat Vella,7994,0.8124698451400962,0.10538398374300947
sustainable,Ciutat Vella,Eixample,2740,1.6313759511155237,0.21873156783224346
sustainable,Ciutat Vella,Gracia,1673,3.1104374276063433,0.45292642341834066
sustainable,Ciutat Vella,Horta-Guinardo,768,3.7408006613408573,0.6029566178911904
sustainable,Ciutat Vella,Les Corts,580,5.263772685093503,0.7606903493245516
sustainable,Ciutat Vella,Nou Barris,105,6.149146007073241,0.7115997540666128
sustainable,Ciutat Vella,Sant Andreu,440,5.717209218644114,0.931616228130562
sustainable,Ciutat Vella,Sant Marti,4369,2.7152285206663374,0.36245899582220853
sustainable,Ciutat Vella,Sants-Montjuic,2583,2.9575021197561355,0.40922232010954074
sustainable,Ciutat Vella,Sarria-Sant Gervasi,337,6.1468412935666885,0.7960884455090932
sustainable,Eixample,Ciutat Vella,3062,1.628453122359418,0.21549509560671906
sustainable,Eixample,Eixample,1024,1.2399240583113038,0.16114799094334642
sustainable,Eixample,Gracia,581,2.212657190536675,0.2754744469802161
sustainable,Eixample,Horta-Guinardo,371,2.07850916274401,0.31039870238087747
sustainable,Eixample,Les Corts,298,4.169648653824935,0.6033259252819315
sustainable,Eixample,Nou Barris,4,4.994814954061972,0.7867398933086323
sustainable,Eixample,Sant Andreu,305,5.510306227612488,0.8428242878929542
sustainable,Eixample,Sant Marti,781,2.8413594686620645,0.4062463378232752
sustainable,Eixample,Sants-Montjuic,1137,2.6992419086973287,0.3702478177501667
sustainable,Eixample,Sarria-Sant Gervasi,164,4.709673527077457,0.8000336536838827
sustainable,Gracia,Ciutat Vella,1673,3.117311762255553,0.4435453911610858
sustainable,Gracia,Eixample,468,2.240723415181825,0.3343610652838624
sustainable,Gracia,Gracia,152,1.2392703333503665,0.1431216196242826
sustainable,Gracia,Horta-Guinardo,648,2.0903532569194234,0.2824603055633414
sustainable,Gracia,Les Corts,124,3.7924170857132946,0.5503986379450121
sustainable,Gracia,Nou Barris,191,2.9934895523947436,0.41284199698697716
sustainable,Gracia,Sant Andreu,529,4.360751382851834,0.6463813894161246
sustainable,Gracia,Sant Marti,453,3.437783209936187,0.5014473751699577
sustainable,Gracia,Sants-Montjuic,442,4.232981699465455,0.6000920087590942
sustainable,Gracia,Sarria-Sant Gervasi,412,3.1220293173855267,0.43435429838570333
sustainable,Horta-Guinardo,Ciutat Vella,795,4.146673501540599,0.6837490937453801
sustainable,Horta-Guinardo,Eixample,228,2.35241029459474,0.3785857211999259
sustainable,Horta-Guinardo,Gracia,401,2.134819298337454,0.3348588125142487
sustainable,Horta-Guinardo,Horta-Guinardo,140,2.6713976715488563,0.4526124250723382
sustainable,Horta-Guinardo,Les Corts,107,5.402793765177926,0.9159640789003712
sustainable,Horta-Guinardo,Nou Barris,219,1.9527219275493866,0.29493785703371833
sustainable,Horta-Guinardo,Sant Andreu,445,3.066011635691219,0.492546027559094
sustainable,Horta-Guinardo,Sant Marti,257,3.4960034002243088,0.5901717455024164
sustainable,Horta-Guinardo,Sants-Montjuic,144,5.553879949319354,0.8882858728505444
sustainable,Horta-Guinardo,Sarria-Sant Gervasi,216,3.704645096438669,0.5691682888262775
sustainable,Les Corts,Ciutat Vella,551,5.123437692139774,0.8084683856261135
sustainable,Les Corts,Eixample,289,4.291489054493091,0.6909607692668029
sustainable,Les Corts,Gracia,144,3.7181654761061873,0.6213864868185136
sustainable,Les Corts,Horta-Guinardo,66,5.454691994916386,1.0392557800511772
sustainable,Les Corts,Les Corts,11,1.854979457834437,0.363367188168867
sustainable,Les Corts,Nou Barris,11,7.399417786489824,0.801840218774892
sustainable,Les Corts,Sant Andreu,33,7.790577986442081,1.298787820193123
sustainable,Les Corts,Sant Marti,74,6.728064949989413,1.041058692976562
sustainable,Les Corts,Sants-Montjuic,263,2.717166821167072,0.45629897393522934
sustainable,Les Corts,Sarria-Sant Gervasi,411,3.419955986835464,0.4630217490643564
sustainable,Nou Barris,Ciutat Vella,27,6.32688945306226,0.9026011020878921
sustainable,Nou Barris,Gracia,109,2.9329610341637156,0.38984750948042196
sustainable,Nou Barris,Horta-Guinardo,440,1.9195055018981342,0.24866607715426534
sustainable,Nou Barris,Les Corts,3,7.075248360233707,0.991387658090758
sustainable,Nou Barris,Nou Barris,1620,1.134499888839126,0.15994825495302942
sustainable,Nou Barris,Sant Andreu,152,1.9987839380056283,0.3280108273661944
sustainable,Nou Barris,Sant Marti,415,5.202298144070554,0.7968500868989837
sustainable,Nou Barris,Sants-Montjuic,15,7.725555038464582,1.1684903535883315
sustainable,Nou Barris,Sarria-Sant Gervasi,1018,5.198450058985799,0.6882006046393564
sustainable,Sant Andreu,Ciutat Vella,530,5.825143420943878,1.0261782960863417
sustainable,Sant Andreu,Eixample,179,5.2661482083169995,0.9622197221678153
sustainable,Sant Andreu,Gracia,319,4.369995537573854,0.7926742207256929
sustainable,Sant Andreu,Horta-Guinardo,369,3.329576935005695,0.5724537262173928
sustainable,Sant Andreu,Les Corts,31,7.792690918793303,1.4229043761155309
sustainable,Sant Andreu,Nou Barris,129,1.9922004268159605,0.3038529012601716
sustainable,Sant Andreu,Sant Andreu,353,0.12677836823718092,0.020032338953435574
sustainable,Sant Andreu,Sant Marti,696,3.5356864004387796,0.5992471967547663
sustainable,Sant Andreu,Sants-Montjuic,197,8.029996147214586,1.3172886726008173
sustainable,Sant Andreu,Sarria-Sant Gervasi,73,5.643227558249013,1.0401002485491366
sustainable,Sant Marti,Ciutat Vella,3043,2.83334847761554,0.4228684351556558
sustainable,Sant Marti,Eixample,726,2.793031106429164,0.4408572272251247
sustainable,Sant Marti,Gracia,443,3.5722527392309225,0.534560935914602
sustainable,Sant Marti,Horta-Guinardo,288,3.007530441381444,0.4351676260467403
sustainable,Sant Marti,Les Corts,56,6.7048968008001655,1.0055749710982944
sustainable,Sant Marti,Nou Barris,889,5.376394793198697,0.765280138620918
sustainable,Sant Marti,Sant Andreu,923,3.601835872086533,0.5353571605173855
sustainable,Sant Marti,Sant Marti,3735,2.093644730955124,0.27438038941085763
sustainable,Sant Marti,Sants-Montjuic,606,5.520091661393762,0.8238200209639822
sustainable,Sant Marti,Sarria-Sant Gervasi,288,7.540608216883397,0.9247368570693797
sustainable,Sants-Montjuic,Ciutat Vella,3057,2.9387582622334243,0.4477497094129169
sustainable,Sants-Montjuic,Eixample,1349,2.5538369931479785,0.36313438286320787
sustainable,Sants-Montjuic,Gracia,500,4.144409580743533,0.6933850362245503
sustainable,Sants-Montjuic,Horta-Guinardo,108,5.368596597456842,0.8702573207469817
sustainable,Sants-Montjuic,Les Corts,318,2.8837357683204807,0.4226502942098576
sustainable,Sants-Montjuic,Nou Barris,33,8.314123222516304,1.1478181970792845
sustainable,Sants-Montjuic,Sant Andreu,68,8.106510266845689,1.1275677903960737
sustainable,Sants-Montjuic,Sant Marti,756,5.114415821745792,0.7369397782350711
sustainable,Sants-Montjuic,Sants-Montjuic,1280,1.3348074690223473,0.1819638994983656
sustainable,Sants-Montjuic,Sarria-Sant Gervasi,170,5.978119474392389,0.9549620879402974
sustainable,Sarria-Sant Gervasi,Ciutat Vella,314,6.216167357627155,0.9875123469280844
sustainable,Sarria-Sant Gervasi,Eixample,164,4.727818949867338,0.8059250909124442
sustainable,Sarria-Sant Gervasi,Gracia,325,3.0766330796091275,0.4862113794120564
sustainable,Sarria-Sant Gervasi,Horta-Guinardo,367,3.495537797331461,0.5488583821697658
sustainable,Sarria-Sant Gervasi,Les Corts,262,3.58445332791422,0.564635981568115
sustainable,Sarria-Sant Gervasi,Nou Barris,1085,5.069637087843267,0.747489719308982
sustainable,Sarria-Sant Gervasi,Sant Andreu,84,5.706987034607089,0.9737329307950047
sustainable,Sarria-Sant Gervasi,Sant Marti,241,7.374076130622941,1.0181498453225342
sustainable,Sarria-Sant Gervasi,Sants-Montjuic,155,5.60667266235516,0.9122703838379238
sustainable,Sarria-Sant Gervasi,Sarria-Sant Gervasi,1163,2.1641009064036525,0.2912467966868129
sustainable,Start,Ciutat Vella,11395,1.155881719833123,0.15320719777742567
sustainable,Start,Eixample,4321,1.0513103041398508,0.14174382188187445
sustainable,Start,Gracia,3077,2.4142258262008522,0.34383765291013413
sustainable,Start,Horta-Guinardo,1525,3.8048090097177405,0.6699419763619597
sustainable,Start,Les Corts,1104,4.458990119334557,0.7536639316581067
sustainable,Start,Nou Barris,1810,5.661290207539078,0.7989578798456575
sustainable,Start,Sant Andreu,1500,5.565042667812062,1.0835044331505852
sustainable,Start,Sant Marti,5776,3.35485660005958,0.514878082381564
sustainable,Start,Sants-Montjuic,4516,2.745813127797993,0.426680464147998
sustainable,Start,Sarria-Sant Gervasi,2900,5.553017827891064,0.9591101714187149
